timestamp(ns),image_idx
1709593533304186830,0
1709593533337279112,1
1709593533369547424,2
1709593533403101347,3
1709593533435582175,4
1709593533468756637,5
1709593533502260023,6
1709593533535686973,7
1709593533568557017,8
1709593533602380545,9
1709593533635851532,10
1709593533668637613,11
1709593533702278900,12
1709593533735710217,13
1709593533769010923,14
1709593533802414080,15
1709593533835467480,16
1709593533868961139,17
1709593533903916632,18
1709593533936157024,19
1709593533968912284,20
1709593534002611870,21
1709593534036044631,22
1709593534068741536,23
1709593534101959457,24
1709593534135861363,25
1709593534168881821,26
1709593534202291377,27
1709593534235658355,28
1709593534268869878,29
1709593534302128540,30
1709593534335409685,31
1709593534368929865,32
1709593534402192651,33
1709593534435703609,34
1709593534468870342,35
1709593534504388694,36
1709593534535714450,37
1709593534568856179,38
1709593534602188148,39
1709593534635344086,40
1709593534668789273,41
1709593534702021105,42
1709593534735417427,43
1709593534768737508,44
1709593534801885549,45
1709593534835579785,46
1709593534868695734,47
1709593534902013324,48
1709593534935523916,49
1709593534968591616,50
1709593535002139008,51
1709593535036055070,52
1709593535068843805,53
1709593535102301002,54
1709593535135643588,55
1709593535169028173,56
1709593535204235683,57
1709593535236818904,58
1709593535269502313,59
1709593535302925435,60
1709593535336307455,61
1709593535369690286,62
1709593535402498009,63
1709593535435814108,64
1709593535469848963,65
1709593535502553744,66
1709593535536075328,67
1709593535569294909,68
1709593535603549758,69
1709593535635612972,70
1709593535668934498,71
1709593535702240357,72
1709593535735432824,73
1709593535768964488,74
1709593535802105142,75
1709593535835433195,76
1709593535869106757,77
1709593535902445652,78
1709593535935545996,79
1709593535969013622,80
1709593536002438223,81
1709593536035525271,82
1709593536069046316,83
1709593536102443409,84
1709593536135447909,85
1709593536169069644,86
1709593536202199583,87
1709593536235322730,88
1709593536268842487,89
1709593536302178097,90
1709593536335360007,91
1709593536368566213,92
1709593536402250329,93
1709593536435465022,94
1709593536468867385,95
1709593536502223115,96
1709593536535481585,97
1709593536568974887,98
1709593536602245804,99
1709593536635578720,100
1709593536669109833,101
1709593536702295487,102
1709593536735375462,103
1709593536768882384,104
1709593536802233736,105
1709593536835664459,106
1709593536868943852,107
1709593536901936054,108
1709593536935241520,109
1709593536968805430,110
1709593537002269934,111
1709593537035227710,112
1709593537068903574,113
1709593537101994584,114
1709593537135497076,115
1709593537169091488,116
1709593537202344762,117
1709593537235757972,118
1709593537269430040,119
1709593537302296743,120
1709593537335718440,121
1709593537368963392,122
1709593537402459567,123
1709593537435703600,124
1709593537469152158,125
1709593537502288821,126
1709593537535480913,127
1709593537569198313,128
1709593537602559446,129
1709593537635352902,130
1709593537668593743,131
1709593537702232402,132
1709593537735632647,133
1709593537768656292,134
1709593537802284580,135
1709593537835471347,136
1709593537869021569,137
1709593537902363457,138
1709593537935397236,139
1709593537968971935,140
1709593538002432595,141
1709593538039144156,142
1709593538068945514,143
1709593538102304759,144
1709593538135486473,145
1709593538168656701,146
1709593538202255246,147
1709593538235731120,148
1709593538268702027,149
1709593538302043019,150
1709593538335432030,151
1709593538368531359,152
1709593538402142019,153
1709593538435827822,154
1709593538468830128,155
1709593538501907148,156
1709593538535414487,157
1709593538568552211,158
1709593538601779228,159
1709593538635391164,160
1709593538668889801,161
1709593538703263059,162
1709593538738221998,163
1709593538768916381,164
1709593538802227140,165
1709593538835210924,166
1709593538868612411,167
1709593538901994199,168
1709593538935354772,169
1709593538968701851,170
1709593539002664922,171
1709593539035877651,172
1709593539069018212,173
1709593539101902383,174
1709593539135436314,175
1709593539168781581,176
1709593539202161580,177
1709593539235450360,178
1709593539268915721,179
1709593539302550831,180
1709593539335468670,181
1709593539369247649,182
1709593539402328981,183
1709593539435628053,184
1709593539468931992,185
1709593539502315193,186
1709593539535564422,187
1709593539568873608,188
1709593539602197860,189
1709593539635606555,190
1709593539669231742,191
1709593539702023211,192
1709593539735607529,193
1709593539768654135,194
1709593539802139115,195
1709593539835317375,196
1709593539868539954,197
1709593539902190647,198
1709593539935520875,199
1709593539968843422,200
1709593540001942199,201
1709593540035659321,202
1709593540068835223,203
1709593540102390133,204
1709593540135505963,205
1709593540169181750,206
1709593540202089426,207
1709593540235564438,208
1709593540268857267,209
1709593540302192935,210
1709593540335697107,211
1709593540369035475,212
1709593540402166034,213
1709593540435499442,214
1709593540468817128,215
1709593540502083839,216
1709593540535342559,217
1709593540568876668,218
1709593540602210303,219
1709593540635605893,220
1709593540668931200,221
1709593540702293410,222
1709593540735468396,223
1709593540769147199,224
1709593540802332520,225
1709593540835446261,226
1709593540869152205,227
1709593540902241646,228
1709593540935220929,229
1709593540968516701,230
1709593541001931343,231
1709593541035313558,232
1709593541068822434,233
1709593541101974675,234
1709593541135372352,235
1709593541168538387,236
1709593541202126186,237
1709593541235141594,238
1709593541268714581,239
1709593541302264448,240
1709593541335403838,241
1709593541368953483,242
1709593541402623652,243
1709593541436130626,244
1709593541469217773,245
1709593541502465790,246
1709593541535582944,247
1709593541569287360,248
1709593541602539244,249
1709593541635396883,250
1709593541668880860,251
1709593541702173440,252
1709593541735408447,253
1709593541768938879,254
1709593541801872746,255
1709593541835255162,256
1709593541868655206,257
1709593541902085528,258
1709593541935673595,259
1709593541968731190,260
1709593542002346921,261
1709593542044161652,262
1709593542078568033,263
1709593542110540504,264
1709593542139567952,265
1709593542170622808,266
1709593542203525628,267
1709593542236512078,268
1709593542269659416,269
1709593542302916707,270
1709593542335628359,271
1709593542368818153,272
1709593542402157773,273
1709593542436145467,274
1709593542468945988,275
1709593542502368835,276
1709593542535507777,277
1709593542568642821,278
1709593542602372063,279
1709593542635400978,280
1709593542668651847,281
1709593542702336791,282
1709593542735542331,283
1709593542768920910,284
1709593542802105820,285
1709593542836367921,286
1709593542869056632,287
1709593542902225028,288
1709593542935682226,289
1709593542969124024,290
1709593543002313340,291
1709593543035797393,292
1709593543068643023,293
1709593543102332498,294
1709593543136451048,295
1709593543169005767,296
1709593543202369001,297
1709593543235622368,298
1709593543268914664,299
1709593543302025328,300
1709593543335268597,301
1709593543368780592,302
1709593543402155507,303
1709593543435479724,304
1709593543468772711,305
1709593543501832359,306
1709593543535455962,307
1709593543568958021,308
1709593543602644866,309
1709593543635663661,310
1709593543668921281,311
1709593543702457749,312
1709593543735536882,313
1709593543768654141,314
1709593543802226870,315
1709593543835404340,316
1709593543868617945,317
1709593543901636255,318
1709593543935353754,319
1709593543968748008,320
1709593544002153725,321
1709593544035171875,322
1709593544068550746,323
1709593544101992079,324
1709593544135283501,325
1709593544168820356,326
1709593544202289496,327
1709593544235312375,328
1709593544268704660,329
1709593544302345964,330
1709593544335754667,331
1709593544368932665,332
1709593544402181848,333
1709593544435634225,334
1709593544468778580,335
1709593544501992348,336
1709593544535507031,337
1709593544568683561,338
1709593544602169032,339
1709593544635500699,340
1709593544668715779,341
1709593544701871311,342
1709593544735554707,343
1709593544768747749,344
1709593544802276887,345
1709593544835290710,346
1709593544868751159,347
1709593544902119410,348
1709593544935361950,349
1709593544969034696,350
1709593545002390993,351
1709593545035712029,352
1709593545068943467,353
1709593545102732954,354
1709593545135492219,355
1709593545169072031,356
1709593545202430801,357
1709593545235419554,358
1709593545269090563,359
1709593545301994350,360
1709593545335226981,361
1709593545368493442,362
1709593545402064178,363
1709593545435297079,364
1709593545468518786,365
1709593545501946280,366
1709593545535441366,367
1709593545568608068,368
1709593545602127012,369
1709593545635328017,370
1709593545668950750,371
1709593545702271617,372
1709593545735647612,373
1709593545769125392,374
1709593545803057500,375
1709593545835438030,376
1709593545868739833,377
1709593545902313498,378
1709593545935406768,379
1709593545968739328,380
1709593546002290644,381
1709593546035330051,382
1709593546068428971,383
1709593546102186927,384
1709593546135460041,385
1709593546168908787,386
1709593546202176496,387
1709593546235791902,388
1709593546268799495,389
1709593546301981483,390
1709593546335342867,391
1709593546369258168,392
1709593546402573110,393
1709593546435498451,394
1709593546468888384,395
1709593546502415897,396
1709593546535281959,397
1709593546568667766,398
1709593546602262347,399
1709593546635676023,400
1709593546668794118,401
1709593546701776810,402
1709593546735272576,403
1709593546768523451,404
1709593546802074661,405
1709593546835245812,406
1709593546868866947,407
1709593546902284051,408
1709593546935402141,409
1709593546968806008,410
1709593547002037663,411
1709593547035427148,412
1709593547068740068,413
1709593547102301340,414
1709593547135432819,415
1709593547168885378,416
1709593547202321928,417
1709593547235414832,418
1709593547269074477,419
1709593547302381355,420
1709593547335524682,421
1709593547368857193,422
1709593547402287363,423
1709593547435566055,424
1709593547469279504,425
1709593547502054364,426
1709593547535849491,427
1709593547569161774,428
1709593547602631827,429
1709593547635272512,430
1709593547669310618,431
1709593547702828543,432
1709593547735574477,433
1709593547769039644,434
1709593547802324004,435
1709593547835503019,436
1709593547868808442,437
1709593547902282964,438
1709593547935327162,439
1709593547968911632,440
1709593548002371008,441
1709593548035287868,442
1709593548068654245,443
1709593548101703479,444
1709593548135366546,445
1709593548168559096,446
1709593548201982217,447
1709593548235280833,448
1709593548268703318,449
1709593548302206234,450
1709593548335259287,451
1709593548368658950,452
1709593548402025528,453
1709593548435357572,454
1709593548469373683,455
1709593548502383066,456
1709593548535556842,457
1709593548568861127,458
1709593548602442798,459
1709593548635428649,460
1709593548668569352,461
1709593548702208267,462
1709593548735545151,463
1709593548768580409,464
1709593548802129448,465
1709593548835283357,466
1709593548868663218,467
1709593548902133050,468
1709593548935170663,469
1709593548968568991,470
1709593549002421753,471
1709593549035678123,472
1709593549068734251,473
1709593549102034319,474
1709593549135411087,475
1709593549169176206,476
1709593549202403739,477
1709593549235654895,478
1709593549269004345,479
1709593549302454345,480
1709593549335655169,481
1709593549368681975,482
1709593549402313653,483
1709593549435370197,484
1709593549468737065,485
1709593549502170988,486
1709593549535339590,487
1709593549568738955,488
1709593549602054169,489
1709593549635402017,490
1709593549668744819,491
1709593549702222932,492
1709593549735552316,493
1709593549768931705,494
1709593549802280971,495
1709593549835289745,496
1709593549869185137,497
1709593549902258408,498
1709593549935661975,499
1709593549968924965,500
1709593550002242279,501
1709593550035554382,502
1709593550068898775,503
1709593550102447407,504
1709593550135607938,505
1709593550169372316,506
1709593550202198324,507
1709593550235285888,508
1709593550268826401,509
1709593550302284791,510
1709593550335463752,511
1709593550368889233,512
1709593550402178139,513
1709593550435725018,514
1709593550469204754,515
1709593550502112011,516
1709593550535461888,517
1709593550569020064,518
1709593550602397224,519
1709593550635827729,520
1709593550669030782,521
1709593550702316230,522
1709593550735445333,523
1709593550769118788,524
1709593550802294977,525
1709593550835563669,526
1709593550868847682,527
1709593550902193793,528
1709593550935357087,529
1709593550968731960,530
1709593551002388662,531
1709593551035635428,532
1709593551068568851,533
1709593551102671379,534
1709593551135566380,535
1709593551168733279,536
1709593551201819653,537
1709593551235313889,538
1709593551269090372,539
1709593551302394506,540
1709593551335586817,541
1709593551368790402,542
1709593551402327248,543
1709593551435146540,544
1709593551468687179,545
1709593551502179660,546
1709593551535685055,547
1709593551568984056,548
1709593551602140509,549
1709593551635432177,550
1709593551668757916,551
1709593551702319916,552
1709593551735430394,553
1709593551768636503,554
1709593551802205542,555
1709593551835458370,556
1709593551868758845,557
1709593551902050956,558
1709593551935648690,559
1709593551968972799,560
1709593552002454713,561
1709593552035546371,562
1709593552068819482,563
1709593552102321103,564
1709593552135367814,565
1709593552168887999,566
1709593552202154608,567
1709593552235573928,568
1709593552268879930,569
1709593552301884181,570
1709593552335353630,571
1709593552368652680,572
1709593552402233187,573
1709593552435479712,574
1709593552468991650,575
1709593552502006046,576
1709593552535414046,577
1709593552568996409,578
1709593552602227874,579
1709593552635342150,580
1709593552669194703,581
1709593552702309330,582
1709593552735511082,583
1709593552768946785,584
1709593552802339388,585
1709593552835489105,586
1709593552868971254,587
1709593552902260106,588
1709593552935435776,589
1709593552968970562,590
1709593553002285368,591
1709593553035604725,592
1709593553068813071,593
1709593553102010984,594
1709593553135440267,595
1709593553168906687,596
1709593553202458578,597
1709593553235306621,598
1709593553268963780,599
1709593553302341008,600
1709593553335596462,601
1709593553369071610,602
1709593553402222825,603
1709593553435585621,604
1709593553469325316,605
1709593553502417424,606
1709593553535769526,607
1709593553568834595,608
1709593553602260167,609
1709593553635746482,610
1709593553668910509,611
1709593553702441180,612
1709593553735649059,613
1709593553768756809,614
1709593553802117771,615
1709593553835284601,616
1709593553868876503,617
1709593553902115631,618
1709593553935508725,619
1709593553969013690,620
1709593554002298862,621
1709593554035698434,622
1709593554069025685,623
1709593554102272149,624
1709593554135785315,625
1709593554168983153,626
1709593554202620402,627
1709593554235508831,628
1709593554268999260,629
1709593554302242467,630
1709593554335343022,631
1709593554368872028,632
1709593554402465213,633
1709593554435622920,634
1709593554468848166,635
1709593554502342929,636
1709593554535651960,637
1709593554568819994,638
1709593554602709203,639
1709593554635532603,640
1709593554669144473,641
1709593554702495118,642
1709593554735493327,643
1709593554769026911,644
1709593554802392070,645
1709593554835832959,646
1709593554869211208,647
1709593554902310931,648
1709593554935502143,649
1709593554968880479,650
1709593555002451383,651
1709593555035495967,652
1709593555069085053,653
1709593555102245723,654
1709593555135356312,655
1709593555168805910,656
1709593555202166108,657
1709593555235416237,658
1709593555269070612,659
1709593555302282028,660
1709593555335925653,661
1709593555368687438,662
1709593555402096128,663
1709593555435374538,664
1709593555468936043,665
1709593555502256253,666
1709593555535478959,667
1709593555569348097,668
1709593555602545910,669
1709593555635596277,670
1709593555669036961,671
1709593555702166636,672
1709593555735387120,673
1709593555768726642,674
1709593555802089795,675
1709593555835368891,676
1709593555869103800,677
1709593555902342460,678
1709593555935714332,679
1709593555968825808,680
1709593556002547816,681
1709593556035506235,682
1709593556068980914,683
1709593556102440077,684
1709593556135665073,685
1709593556168920128,686
1709593556202344764,687
1709593556235882555,688
1709593556268880126,689
1709593556302312951,690
1709593556335382147,691
1709593556368765752,692
1709593556402335383,693
1709593556435472816,694
1709593556468953400,695
1709593556502131739,696
1709593556535592227,697
1709593556569076325,698
1709593556602277405,699
1709593556635356279,700
1709593556668876142,701
1709593556702399229,702
1709593556735388522,703
1709593556768837843,704
1709593556802253131,705
1709593556835506199,706
1709593556869045575,707
1709593556902537027,708
1709593556935486242,709
1709593556969018922,710
1709593557002409782,711
1709593557035476893,712
1709593557068616562,713
1709593557102007233,714
1709593557135632472,715
1709593557168557537,716
1709593557202136267,717
1709593557235512971,718
1709593557268840575,719
1709593557302296644,720
1709593557335309617,721
1709593557368965674,722
1709593557402034059,723
1709593557435650479,724
1709593557468713284,725
1709593557502318249,726
1709593557535441175,727
1709593557569079313,728
1709593557602272560,729
1709593557635877997,730
1709593557669334495,731
1709593557702340639,732
1709593557735482938,733
1709593557768848320,734
1709593557802396716,735
1709593557835870077,736
1709593557868864560,737
1709593557902214310,738
1709593557935164586,739
1709593557968692861,740
1709593558002367219,741
1709593558035507883,742
1709593558068700237,743
1709593558102178747,744
1709593558135710041,745
1709593558169102629,746
1709593558202528035,747
1709593558235727289,748
1709593558268876134,749
1709593558302449942,750
1709593558335839607,751
1709593558369052135,752
1709593558402445658,753
1709593558435584705,754
1709593558469089627,755
1709593558502220080,756
1709593558535632938,757
1709593558569182696,758
1709593558602289474,759
1709593558635578669,760
1709593558668759784,761
1709593558702121026,762
1709593558735604327,763
1709593558768543812,764
1709593558802238013,765
1709593558835608522,766
1709593558869197506,767
1709593558902410040,768
1709593558935978115,769
1709593558968929245,770
1709593559002602274,771
1709593559035761140,772
1709593559069225606,773
1709593559102382117,774
1709593559135650067,775
1709593559168733411,776
1709593559202291752,777
1709593559235327635,778
1709593559268984394,779
1709593559302211613,780
1709593559335501389,781
1709593559368552888,782
1709593559402264693,783
1709593559435468798,784
1709593559468693530,785
1709593559501923779,786
1709593559535576393,787
1709593559568989628,788
1709593559602133872,789
1709593559635208440,790
1709593559669054501,791
1709593559702430572,792
1709593559735390786,793
1709593559768996683,794
1709593559802224967,795
1709593559835131854,796
1709593559868586159,797
1709593559902445536,798
1709593559935973783,799
1709593559969116446,800
1709593560002370911,801
1709593560035652341,802
1709593560069064039,803
1709593560102287014,804
1709593560135310270,805
1709593560168750778,806
1709593560202347223,807
1709593560235498392,808
1709593560268735449,809
1709593560302157248,810
1709593560335248096,811
1709593560369111590,812
1709593560402908033,813
1709593560435566104,814
1709593560468890665,815
1709593560502089100,816
1709593560535256168,817
1709593560568672091,818
1709593560601851977,819
1709593560635307699,820
1709593560668558904,821
1709593560701923896,822
1709593560735224819,823
1709593560768678259,824
1709593560802024927,825
1709593560835490301,826
1709593560868773464,827
1709593560902194528,828
1709593560935381962,829
1709593560969036102,830
1709593561002280161,831
1709593561035631018,832
1709593561068933236,833
1709593561102429011,834
1709593561135711781,835
1709593561169021299,836
1709593561202656225,837
1709593561235308422,838
1709593561268760878,839
1709593561301895992,840
1709593561335310979,841
1709593561368757787,842
1709593561402219520,843
1709593561435806350,844
1709593561468798535,845
1709593561502123886,846
1709593561535404047,847
1709593561568512197,848
1709593561602373476,849
1709593561635392186,850
1709593561668568720,851
1709593561702051816,852
1709593561735395904,853
1709593561769252411,854
1709593561802230226,855
1709593561835551096,856
1709593561869127184,857
1709593561902331158,858
1709593561935403795,859
1709593561968720354,860
1709593562002076125,861
1709593562035544458,862
1709593562068789988,863
1709593562102154793,864
1709593562135370188,865
1709593562168479943,866
1709593562201912410,867
1709593562235132966,868
1709593562269182420,869
1709593562302253852,870
1709593562335547515,871
1709593562368749052,872
1709593562402239876,873
1709593562435693773,874
1709593562468896946,875
1709593562502439884,876
1709593562535623542,877
1709593562569005912,878
1709593562602403833,879
1709593562635309476,880
1709593562668798420,881
1709593562702044947,882
1709593562735622127,883
1709593562768530870,884
1709593562802107428,885
1709593562835231118,886
1709593562869007056,887
1709593562902275229,888
1709593562935807492,889
1709593562968500969,890
1709593563002430002,891
1709593563037610916,892
1709593563069831624,893
1709593563102234299,894
1709593563135645419,895
1709593563169125434,896
1709593563202348235,897
1709593563235687082,898
1709593563268971594,899
1709593563302579178,900
1709593563335530519,901
1709593563368985214,902
1709593563402422385,903
1709593563435582140,904
1709593563469141924,905
1709593563502181136,906
1709593563535271292,907
1709593563568604578,908
1709593563602105550,909
1709593563635357070,910
1709593563668510438,911
1709593563701963028,912
1709593563735405437,913
1709593563768465954,914
1709593563802108792,915
1709593563835353090,916
1709593563869278859,917
1709593563902484749,918
1709593563935907513,919
1709593563969064079,920
1709593564002518808,921
1709593564035359566,922
1709593564068715866,923
1709593564102777317,924
1709593564136023472,925
1709593564169469157,926
1709593564202022698,927
1709593564235087000,928
1709593564268751654,929
1709593564301616071,930
1709593564335214689,931
1709593564368440081,932
1709593564402327791,933
1709593564435233354,934
1709593564468926521,935
1709593564502219965,936
1709593564535304093,937
1709593564569135288,938
1709593564602334561,939
1709593564635714715,940
1709593564669173142,941
1709593564702473604,942
1709593564735313553,943
1709593564768915703,944
1709593564802020537,945
1709593564835507154,946
1709593564868907647,947
1709593564902184777,948
1709593564935406255,949
1709593564968496628,950
1709593565002418846,951
1709593565035631459,952
1709593565068731171,953
1709593565102412388,954
1709593565135553121,955
1709593565168807081,956
1709593565202481852,957
1709593565235579987,958
1709593565269163627,959
1709593565302540371,960
1709593565335672179,961
1709593565369519277,962
1709593565402651443,963
1709593565435676551,964
1709593565468936728,965
1709593565502490378,966
1709593565535601826,967
1709593565569587845,968
1709593565601999211,969
1709593565635391806,970
1709593565668739493,971
1709593565702361756,972
1709593565735311683,973
1709593565768644863,974
1709593565802076398,975
1709593565835830605,976
1709593565868950056,977
1709593565902365946,978
1709593565935335380,979
1709593565969014717,980
1709593566002658117,981
1709593566036139218,982
1709593566069128636,983
1709593566102640041,984
1709593566135640294,985
1709593566169056616,986
1709593566202303821,987
1709593566235808155,988
1709593566269147314,989
1709593566302524977,990
1709593566335461821,991
1709593566368523358,992
1709593566402069554,993
1709593566435354720,994
1709593566468720849,995
1709593566502167227,996
1709593566535821441,997
1709593566569474535,998
1709593566602311734,999
1709593566635889504,1000
1709593566668815345,1001
1709593566702445173,1002
1709593566735788935,1003
1709593566768930029,1004
1709593566802457598,1005
1709593566835341879,1006
1709593566868888140,1007
1709593566902037201,1008
1709593566935450573,1009
1709593566968729630,1010
1709593567001942047,1011
1709593567035269775,1012
1709593567068468633,1013
1709593567102232556,1014
1709593567135669689,1015
1709593567168688475,1016
1709593567202294148,1017
1709593567235679520,1018
1709593567268633052,1019
1709593567301921517,1020
1709593567335774842,1021
1709593567368672791,1022
1709593567402327681,1023
1709593567435866435,1024
1709593567469193197,1025
1709593567502339993,1026
1709593567535529005,1027
1709593567569234434,1028
1709593567602083503,1029
1709593567635436570,1030
1709593567670232484,1031
1709593567702061836,1032
1709593567735610089,1033
1709593567768632058,1034
1709593567802353736,1035
1709593567834990433,1036
1709593567868738411,1037
1709593567901693197,1038
1709593567935718496,1039
1709593567968785739,1040
1709593568002265331,1041
1709593568035528479,1042
1709593568069049865,1043
1709593568102566971,1044
1709593568136467023,1045
1709593568169128084,1046
1709593568202621551,1047
1709593568235350640,1048
1709593568269432232,1049
1709593568302117101,1050
1709593568335988097,1051
1709593568368897238,1052
1709593568402388880,1053
1709593568435555290,1054
1709593568469051925,1055
1709593568502391731,1056
1709593568536331778,1057
1709593568569029332,1058
1709593568602534721,1059
1709593568635847684,1060
1709593568668892248,1061
1709593568702332779,1062
1709593568735360275,1063
1709593568769248720,1064
1709593568802321236,1065
1709593568835825515,1066
1709593568869332293,1067
1709593568902412260,1068
1709593568935627230,1069
1709593568968510035,1070
1709593569002378701,1071
1709593569035867347,1072
1709593569069076769,1073
1709593569102179400,1074
1709593569135393549,1075
1709593569168614858,1076
1709593569202262369,1077
1709593569235449816,1078
1709593569269093214,1079
1709593569302266413,1080
1709593569335694053,1081
1709593569368920231,1082
1709593569402358117,1083
1709593569435940138,1084
1709593569469299344,1085
1709593569502626071,1086
1709593569535541041,1087
1709593569569334896,1088
1709593569602477214,1089
1709593569635457514,1090
1709593569670033953,1091
1709593569702119174,1092
1709593569735624425,1093
1709593569769039880,1094
1709593569802179303,1095
1709593569835584724,1096
1709593569868805652,1097
1709593569902328873,1098
1709593569936296950,1099
1709593569969352921,1100
1709593570003438960,1101
1709593570036363668,1102
1709593570069359882,1103
1709593570102759657,1104
1709593570136124564,1105
1709593570169830507,1106
1709593570203128752,1107
1709593570236857185,1108
1709593570270392587,1109
1709593570303491687,1110
1709593570337457406,1111
1709593570368893070,1112
1709593570402543604,1113
1709593570435672008,1114
1709593570468780725,1115
1709593570502265525,1116
1709593570535902732,1117
1709593570569129182,1118
1709593570602647073,1119
1709593570635432078,1120
1709593570669611809,1121
1709593570702276542,1122
1709593570735529455,1123
1709593570768877216,1124
1709593570802156473,1125
1709593570835687551,1126
1709593570868995271,1127
1709593570902414000,1128
1709593570935623172,1129
1709593570969187069,1130
1709593571002500473,1131
1709593571035501477,1132
1709593571068739758,1133
1709593571102223437,1134
1709593571135648737,1135
1709593571169136249,1136
1709593571202471021,1137
1709593571235139634,1138
1709593571268888464,1139
1709593571302282739,1140
1709593571335292306,1141
1709593571368840902,1142
1709593571402346330,1143
1709593571435600451,1144
1709593571469392139,1145
1709593571502206112,1146
1709593571535652998,1147
1709593571569416483,1148
1709593571603335163,1149
1709593571635529432,1150
1709593571668969861,1151
1709593571702602909,1152
1709593571735847134,1153
1709593571769227878,1154
1709593571802410006,1155
1709593571835297345,1156
1709593571868771994,1157
1709593571901863653,1158
1709593571935337674,1159
1709593571969001641,1160
1709593572002346484,1161
1709593572035669223,1162
1709593572068680941,1163
1709593572102309144,1164
1709593572135553261,1165
1709593572168867154,1166
1709593572202635645,1167
1709593572235660469,1168
1709593572269505091,1169
1709593572304121594,1170
1709593572335606039,1171
1709593572369132839,1172
1709593572402421063,1173
1709593572435542046,1174
1709593572469019725,1175
1709593572502199566,1176
1709593572535627190,1177
1709593572569034040,1178
1709593572602203439,1179
1709593572635595380,1180
1709593572670014814,1181
1709593572702083418,1182
1709593572735663494,1183
1709593572768793977,1184
1709593572802230315,1185
1709593572835601121,1186
1709593572868748531,1187
1709593572902669555,1188
1709593572935896934,1189
1709593572969198347,1190
1709593573002273238,1191
1709593573036244912,1192
1709593573069074563,1193
1709593573102520542,1194
1709593573135867622,1195
1709593573168963107,1196
1709593573202488201,1197
1709593573235814746,1198
1709593573268948317,1199
1709593573302086821,1200
